{
  "pain_level": 2,
  "pain_level_name": "MODERATE",
  "pain_score": 34.344033518892594,
  "speed_modifier": 0.428279832405537,
  "amplitude_modifier": 0.5995917653677518,
  "force_modifier": 0.5139357988866444,
  "should_pause": false,
  "should_stop": false,
  "confidence": 0.9,
  "timestamp": 1765887554.7233045
}