{
  "pain_level": 1,
  "pain_level_name": "MILD",
  "pain_score": 29.100254755999195,
  "speed_modifier": 0.7271979619520065,
  "amplitude_modifier": 0.8180977071960073,
  "force_modifier": 0.7726478345740069,
  "should_pause": false,
  "should_stop": false,
  "confidence": 0.9,
  "timestamp": 1765887574.920835
}