{
  "pain_level": 2,
  "pain_level_name": "MODERATE",
  "pain_score": 31.07856171509425,
  "speed_modifier": 0.44460719142452876,
  "amplitude_modifier": 0.6224500679943402,
  "force_modifier": 0.5335286297094345,
  "should_pause": false,
  "should_stop": false,
  "confidence": 0.9,
  "timestamp": 1765887604.4350526
}